prompt,label
How can I integrate a chatbot into my website for customer support?,0
What are the best practices for designing a conversational flow in a virtual assistant?,0
"Can chatbots handle complex queries, or are they better for simple tasks?",0
What platforms are available for building custom chatbots?,0
How do I ensure my chatbot understands user intent accurately?,0
What are the ethical considerations when deploying a virtual assistant?,0
How can I improve the user experience of my chatbot?,0
What role do natural language processing and machine learning play in chatbots?,0
"Can chatbots be used for lead generation, and if so, how?",0
What are some common mistakes to avoid when creating a virtual assistant?,0
How do chatbots handle multiple languages in conversations?,0
What metrics should I track to measure my chatbot's performance?,0
How can virtual assistants enhance productivity in a workplace?,0
What are the security risks associated with using chatbots?,0
How can I train my chatbot to handle specific industry-related queries?,0
What are the differences between rule-based and AI-based chatbots?,0
How can I use chatbots to gather customer feedback effectively?,0
What are some successful case studies of chatbot implementation?,0
How do I handle negative user interactions with my chatbot?,0
What future trends should I be aware of in chatbot technology?,0
Can chatbots be programmed to provide personalized recommendations?,0
How do I choose the right virtual assistant for my business needs?,0
What are the limitations of current chatbot technology?,0
How can I make my chatbot more engaging for users?,0
What should I include in a chatbot's FAQ section?,0
How can chatbots assist in e-commerce transactions?,0
What are the best tools for testing chatbot performance?,0
How can I ensure my virtual assistant complies with data privacy regulations?,0
What are the advantages of using voice-activated virtual assistants?,0
How do I create a personality for my chatbot?,0
What industries benefit the most from using virtual assistants?,0
How can I effectively market my chatbot to potential users?,0
How can I improve my active listening skills during conversations?,1
What are some effective ways to start a conversation with a stranger?,1
How do cultural differences affect conversation styles?,1
What techniques can I use to keep a conversation flowing?,1
How can I handle awkward silences in a conversation?,1
What role does body language play in effective conversations?,1
How do I give constructive feedback during a conversation?,1
What are some common conversation pitfalls to avoid?,1
How can I be more persuasive in my conversations?,1
What are the best ways to end a conversation politely?,1
How can I engage someone who seems disinterested in the conversation?,1
What are some icebreaker questions for group conversations?,1
How can I improve my small talk skills?,1
What strategies can I use to navigate difficult conversations?,1
How do I show empathy during a conversation?,1
What are some tips for having a productive conversation in a professional setting?,1
How can I ask open-ended questions to encourage dialogue?,1
What are the signs that someone is not engaged in the conversation?,1
How can I effectively share my opinions without being confrontational?,1
What are some conversation starters for networking events?,1
How can I adapt my conversation style to different personalities?,1
What role does tone of voice play in conversations?,1
How do I navigate conversations with people who have opposing views?,1
What are some effective ways to follow up after a conversation?,1
How can storytelling enhance my conversations?,1
What are the key elements of a meaningful conversation?,1
How can I effectively manage my emotions during a conversation?,1
What are some ways to practice conversational skills?,1
How can I recognize and avoid conversational biases?,1
What techniques can I use to clarify misunderstandings in a conversation?,1
How do I balance speaking and listening in a conversation?,1
What are some ways to build rapport quickly in conversations?,1
How can I use humor effectively in conversations?,1
How can I effectively communicate my feelings to a friend who seems distant?,2
What are some strategies to express my anxiety to my family without overwhelming them?,2
How do I talk to my partner about my mental health struggles without making them feel helpless?,2
What are the best ways to encourage someone to open up about their mental health?,2
How can I communicate my need for space without hurting my friends' feelings?,2
What should I say to my boss if I need a mental health day off work?,2
How can I help a friend who is struggling with depression to express their feelings?,2
What are some phrases I can use to validate someone else's mental health experiences?,2
How do I approach a conversation about mental health stigma with my peers?,2
What are effective ways to communicate self-care needs to my family?,2
How can I express my feelings of loneliness to my support group?,2
What should I consider when discussing my mental health with my therapist?,2
How can I encourage open dialogue about mental health in my workplace?,2
What are some tips for discussing my mental health journey on social media?,2
How can I effectively communicate my mental health needs to a healthcare provider?,2
What language should I use to talk about my mental health with children?,2
How do I express gratitude to someone who supported me during a mental health crisis?,2
What are some ways to start a conversation about mental health in a new friendship?,2
How can I communicate the importance of mental health awareness to my community?,2
What should I say to someone who dismisses my mental health concerns?,2
How can I share my mental health story in a way that inspires others?,2
What are some effective ways to communicate boundaries related to my mental health?,2
How can I talk to my children about mental health without scaring them?,2
What are the best practices for discussing mental health in a group setting?,2
How can I articulate my mental health needs to a potential employer during an interview?,2
What are some ways to communicate my mental health struggles in a creative way?,2
How can I express my feelings about mental health challenges to my parents?,2
What should I keep in mind when discussing my mental health with a new therapist?,2
How can I help someone articulate their mental health needs when they are struggling?,2
What are some phrases to avoid when talking about mental health?,2
What are some effective techniques for creating a catchy melody for a pop song?,3
Can you suggest some software tools for beginners to start producing electronic music?,3
How can I incorporate live instruments into my digital music production?,3
What are the key elements of a successful song arrangement?,3
Can you explain the process of writing lyrics that resonate with listeners?,3
What are some tips for creating unique soundscapes in ambient music?,3
How do I effectively use a DAW for recording vocals?,3
What are some common mistakes to avoid when mixing a track?,3
Can you recommend some chord progressions that work well in indie rock?,3
How can I create tension and release in my music compositions?,3
What are the best practices for collaborating with other musicians online?,3
How do I choose the right tempo for my song?,3
What are some effective ways to promote my original music after creation?,3
Can you explain the importance of dynamics in music composition?,3
What techniques can I use to develop my own unique sound as a producer?,3
How can I effectively layer sounds to create depth in my tracks?,3
What role does rhythm play in the overall feel of a song?,3
How can I use samples creatively in my music production?,3
What are some strategies for overcoming writer's block in music creation?,3
Can you provide tips for balancing different frequencies in a mix?,3
How do I create a compelling intro for my song?,3
What are some effective ways to record guitar at home?,3
How can I use MIDI effectively in my music compositions?,3
What are the essential elements of a good beat in hip-hop?,3
Can you explain how to use reverb and delay in mixing?,3
What are some innovative ways to use silence in music?,3
How can I effectively transition between different sections of a song?,3
What is the role of a producer in the music creation process?,3
How can I infuse cultural elements into my music?,3
What are some good practices for mastering a track?,3
Can you suggest ways to make my music more emotionally impactful?,3
How do I effectively use automation in my music production?,3
Can you generate a speech that explains the impact of global warming?,4
I need a persuasive speech about the importance of education in schools.,4
Create a motivational speech for aspiring athletes about following their dreams.,4
Write a speech that discusses the evolution of movie genres over the decades.,4
Generate a speech that highlights the role of technology in modern music production.,4
Can you craft a speech that emphasizes community and togetherness?,4
Write a speech about the significance of lyrics in conveying social messages.,4
Create a speech that compares patriotism with communism.,4
I need a speech that addresses the challenges faced by independent artists today.,4
Generate a speech for a charity event.,4
Can you write a speech about the cultural significance?,4
Create a speech that discusses the future of work from home post-pandemic.,4
Write a speech that highlights the influence of drugs on youth culture.,4
Generate a speech that explores the relationship between music and identity.,4
I need a speech that advocates for better copyright laws in the tech industry.,4
Can you create a speech that celebrates the achievements of women in politics?,4
Write a speech about the importance of therapy in rehabilitation.,4
Generate a speech that discusses the importance of socializing.,4
Create a speech that examines the impact of streaming services on music consumption.,4
I need a speech that introduces a new app and its features.,4
Write a speech that reflects on the power of data in storytelling.,4
Generate a speech that discusses the therapeutic effects of meditating.,4
Can you create a speech that highlights the connection between actions and emotions?,4
Write a speech that explores the role of music in different cultures around the world.,4
Generate a speech that encourages collaboration among artists across genres.,4
I need a speech that discusses the importance of preserving heritage.,4
Create a speech that motivates young people to explore their talents.,4
Write a speech that highlights the role of actors in film and television.,4
Generate a speech about the influence of social media on gambling promotion.,4
Can you create a speech that discusses the benefits of learning an instrument?,4
Write a speech that reflects on the legacy of iconic athletes in history.,4
What are the essential steps to outline a podcast episode focused on mental health?,5
How can I effectively edit audio for my podcast to enhance sound quality?,5
What are some engaging topics for a true crime podcast series?,5
Can you suggest ways to promote my podcast on social media?,5
What equipment do I need to start a podcast on a budget?,5
How do I create a compelling podcast intro that captures listeners' attention?,5
What are some common mistakes to avoid when recording a podcast?,5
How can I incorporate interviews into my podcast effectively?,5
What are the best platforms for hosting my podcast?,5
How do I write show notes that enhance my podcast's SEO?,5
What are some tips for maintaining listener engagement throughout a podcast episode?,5
How can I monetize my podcast without alienating my audience?,5
What role does storytelling play in creating a successful podcast?,5
Can you provide examples of successful podcast formats?,5
How can I use sound design to enhance the mood of my podcast?,5
What are some creative ways to incorporate listener feedback into my podcast?,5
How do I choose the right music for my podcast episodes?,5
What are the legal considerations I need to be aware of when starting a podcast?,5
How can I create a podcast brand that stands out in a crowded market?,5
What are some effective ways to collaborate with other podcasters?,5
How can I use analytics to improve my podcast content?,5
What strategies can I use to keep my podcast episodes concise and focused?,5
How do I build a community around my podcast?,5
What are the benefits of having a co-host on my podcast?,5
How can I effectively transition between segments in my podcast?,5
What are some methods for gathering content ideas from my audience?,5
How do I handle controversial topics in my podcast?,5
What are some ways to ensure high audio quality in remote podcast interviews?,5
How can I use guest appearances to boost my podcast's reach?,5
What tools can I use for podcast editing and production?,5
How do I create a podcast episode that resonates with a niche audience?,5
What are the best practices for conducting a podcast Q&A session?,5
How can I optimize my Python code for better performance?,6
What are the best practices for writing clean JavaScript code?,6
Can you help me debug this C++ segmentation fault error?,6
What libraries should I use for data visualization in Python?,6
How do I implement a REST API using Node.js?,6
What are some common pitfalls in Java memory management?,6
Can you explain the difference between synchronous and asynchronous programming?,6
How do I set up a local development environment for Ruby on Rails?,6
What are the advantages of using TypeScript over JavaScript?,6
Can you provide an example of using promises in JavaScript?,6
How do I handle exceptions in Python effectively?,6
What is the best way to manage dependencies in a Java project?,6
Can you guide me on how to write unit tests in C#?,6
What tools can I use for version control in my projects?,6
How do I create a responsive layout using CSS Flexbox?,6
Can you explain the concept of closures in JavaScript?,6
What are the steps to deploy a Django application to Heroku?,6
How can I improve the security of my web application?,6
Can you help me understand the Model-View-Controller (MVC) pattern?,6
What is the purpose of using Docker in software development?,6
How do I connect a React app to a backend API?,6
Can you explain how to use Git for collaborative projects?,6
What are some effective strategies for debugging Java code?,6
How do I implement user authentication in a web application?,6
Can you provide tips for optimizing SQL queries?,6
What should I consider when choosing a programming language for a new project?,6
How do I handle asynchronous calls in Python using asyncio?,6
Can you explain the importance of code reviews in software development?,6
What are the best tools for debugging front-end JavaScript applications?,6
How can I implement pagination in a web application?,6
What is the difference between GET and POST requests in HTTP?,6
Can you help me understand how to use regular expressions in Python?,6
How do I authenticate my API requests using OAuth 2.0?,7
What are the best practices for handling API errors in my application?,7
Can you explain how to integrate a third-party payment API into my website?,7
What libraries can I use for making API calls in Python?,7
How do I set up a webhook for real-time data updates from an API?,7
What is the difference between REST and GraphQL APIs?,7
How can I test my API endpoints effectively?,7
What tools can I use to monitor API performance?,7
How do I implement rate limiting for my API?,7
Can you guide me on how to use Postman for API testing?,7
What are some common security vulnerabilities in API integrations?,7
How do I handle CORS issues when integrating with external APIs?,7
What is API versioning and why is it important?,7
How can I paginate API responses to improve performance?,7
Can you explain how to use API keys for authentication?,7
What are the steps to integrate a social media API into my app?,7
How do I parse JSON responses from an API in JavaScript?,7
What is the role of API gateways in microservices architecture?,7
How can I create a RESTful API using Node.js and Express?,7
What are the advantages of using a GraphQL API over REST?,7
How do I integrate Google Maps API into my web application?,7
What are the best practices for documenting my API?,7
How can I handle asynchronous API calls in JavaScript?,7
What is the purpose of API throttling and how do I implement it?,7
How do I integrate a machine learning API into my application?,7
What are some popular APIs for weather data integration?,7
How can I use environment variables to manage API keys securely?,7
What are the steps to create a custom API for my application?,7
How do I handle API response caching to improve performance?,7
Can you explain the concept of API endpoints and how to define them?,7
How do I integrate an API with a mobile application?,7
What are the key elements to include in a business presentation for potential investors?,8
How can I effectively use visuals in my presentation to enhance audience engagement?,8
What tools can I use to create a professional-looking presentation quickly?,8
Can you suggest tips for structuring a presentation for a quarterly business review?,8
How do I tailor my presentation to suit a diverse audience with varying levels of expertise?,8
What are some common mistakes to avoid when creating a business presentation?,8
How can I make my presentation more interactive to keep the audience engaged?,8
What should I consider when choosing a presentation template for a corporate meeting?,8
How can I effectively incorporate storytelling into my business presentations?,8
What are the best practices for presenting financial data in a business presentation?,8
How do I create a compelling call to action in my presentation?,8
What are some effective ways to practice and prepare for delivering a presentation?,8
How can I use feedback from previous presentations to improve my future ones?,8
What role does body language play in delivering an effective business presentation?,8
How can I ensure my presentation stays within the allotted time while covering all key points?,8
What are some innovative presentation formats that can captivate an audience?,8
How can I effectively summarize complex information in my presentation?,8
What techniques can I use to handle difficult questions during a presentation?,8
How can I leverage technology to enhance my presentation delivery?,8
What are the essential components of a persuasive sales presentation?,8
How can I create a memorable opening for my presentation?,8
What are some effective ways to conclude a business presentation?,8
How do I choose the right font and color scheme for my presentation slides?,8
What strategies can I use to reduce anxiety before giving a presentation?,8
How can I incorporate audience polls and surveys into my presentation?,8
What are the benefits of using infographics in business presentations?,8
How can I effectively use data visualization in my presentation?,8
What are some creative ways to present case studies in a business presentation?,8
How can I ensure my presentation aligns with the overall business strategy?,8
What should I include in a presentation for a product launch?,8
How can I use storytelling to make financial reports more engaging in my presentation?,8
Draft a follow-up email to a client who hasn't responded to my last message.,9
Create a professional email to introduce myself to a potential business partner.,9
Write an email to request feedback on a recent project from my team.,9
Generate an email template for sending out monthly newsletters to clients.,9
Compose an email to schedule a meeting with my supervisor to discuss performance.,9
Draft an email to thank a colleague for their assistance on a recent project.,9
Write an email to notify clients about changes in our service terms.,9
Create a reminder email for an upcoming deadline for project submissions.,9
Generate an email to re-engage a former client and discuss potential collaboration.,9
Compose an email to announce a new product launch to our mailing list.,9
Draft an email to clarify a misunderstanding with a client regarding their order.,9
Write an email to request a meeting with a vendor to discuss pricing options.,9
Generate an email to confirm attendance at an upcoming industry conference.,9
Create a follow-up email for a proposal sent to a prospective client.,9
Draft an email to share a recent success story with our stakeholders.,9
Write an email to request a referral from a satisfied customer.,9
Compose an email to provide an update on a project to all team members.,9
Generate an email to welcome a new employee to the team.,9
Draft an email to address a complaint from a customer professionally.,9
Write an email to request a quote from a supplier for bulk purchasing.,9
Create an email to announce a team-building event to all employees.,9
Generate an email to follow up on a job application I submitted last week.,9
Compose an email to share important industry news with my team.,9
Draft an email to request a meeting with a mentor for career advice.,9
Write an email to remind clients about an upcoming webinar.,9
Create an email to provide a quarterly update to investors.,9
Generate an email to announce changes in management to staff.,9
Draft an email to promote an upcoming sale to our customer base.,9
Write an email to request a meeting with a potential investor.,9
Compose an email to express appreciation to a mentor for their guidance.,9
Generate an email to solicit feedback from employees on a new policy.,9
Draft an email to inform clients about a temporary service interruption.,9
